,Episode,Average Reward,Epsilon
0,1,-100.0,1.0
1,60,-99.5,0.47609010321073597
2,80,-99.0,0.3701955889084741
