,Episode,Average Reward,Epsilon
0,1,-100.0,1.0
1,40,-99.5,0.6676079717550942
2,100,-99.0,0.44570040395095073
